<?xml version="1.0" encoding="UTF-8"?>
<!DOCTYPE suite SYSTEM "https://testng.org/testng-1.0.dtd">
<suite name="Suite">
  <test thread-count="5" name="Test1">
    
     
      <parameter name="browser" value="chrome"></parameter>
      <classes>
       <class name="Selinium.ParallelExecution1"/>
       
      
    </classes>
  </test> <!-- Test -->
  
  <test thread-count="5" name="Test2">
    
     
      <parameter name="browser" value="Edge"></parameter>
      <classes>
      
       
      <class name="Selinium.ParallelExecution"/>
      
      
    </classes>
     </test> <!-- Test -->
     
     <test thread-count="5" name="Test3">
    
     
      <parameter name="browser" value="firefox"></parameter>
      <classes>
       <class name="Selinium.ParallelExecution1"/>
       
      
    </classes>
     </test> <!-- Test -->
  
</suite> <!-- Suite -->
