<?xml version="1.0" encoding="UTF-8"?>
<!DOCTYPE suite SYSTEM "https://testng.org/testng-1.0.dtd">
<suite name="Suite-Functionality" parallel="tests">
	<groups>
		<run>
			<exclude name="B"></exclude>
			<exclude name="C"></exclude>
		</run>
	</groups>

	<test thread-count="5" name="Test1">
		<parameter name="BrowserName" value="chrome"></parameter>
		<classes>
			<class name="ProductTest.BirdsProduct" />
		</classes>
	</test> <!--
	Test -->


	<test thread-count="5" name="Test2">
		<parameter name="BrowserName" value="chrome"></parameter>
		<classes>
			<class name="ProductTest.CatsProduct" />
		</classes>
	</test> <!--
	Test -->


	<test thread-count="5" name="Test3">
		<parameter name="BrowserName" value="chrome"></parameter>
		<classes>
			<class name="ProductTest.DogsProduct" />
		</classes>
	</test> <!--
	Test -->


	<test thread-count="5" name="Test4">
		<parameter name="BrowserName" value="chrome"></parameter>
		<classes>
			<class name="ProductTest.FishProduct" />
		</classes>
	</test> <!--
	Test -->


	<test thread-count="5" name="Test5">
		<parameter name="BrowserName" value="chrome"></parameter>
		<classes>
			<class name="ProductTest.ReptileProduct" />
		</classes>
	</test> <!--
	Test -->

</suite> <!--
Suite-Functionality -->
